key_a,key_b,score,longest_common_run,text_a,text_b,involves_unique_yes_verse,in_gold_verse_set_b
34:2,57:4,0.995,16,يعلم ما يلج في الأرض وما يخرج منها وما ينزل من السماء وما يعرج فيها وهو الرحيم الغفور,هو الذي خلق السماوات والأرض في ستة أيام ثم استوى على العرش يعلم ما يلج في الأرض وما يخرج منها وما ينزل من السماء وما يعرج فيها وهو معكم أين ما كنتم والله بما تعملون بصير,False,True
22:8,31:20,0.992,13,ومن الناس من يجادل في الله بغير علم ولا هدى ولا كتاب منير,ألم تروا أن الله سخر لكم ما في السماوات وما في الأرض وأسبغ عليكم نعمه ظاهرة وباطنة ومن الناس من يجادل في الله بغير علم ولا هدى ولا كتاب منير,False,True
6:21,10:17,0.99,12,ومن أظلم ممن افترى على الله كذبا أو كذب بآياته إنه لا يفلح الظالمون,فمن أظلم ممن افترى على الله كذبا أو كذب بآياته إنه لا يفلح المجرمون,False,True
16:43,21:7,0.989,12,وما أرسلنا من قبلك إلا رجالا نوحي إليهم فاسألوا أهل الذكر إن كنتم لا تعلمون,وما أرسلنا قبلك إلا رجالا نوحي إليهم فاسألوا أهل الذكر إن كنتم لا تعلمون,False,True
6:143,6:144,0.982,11,ثمانية أزواج من الضأن اثنين ومن المعز اثنين قل آلذكرين حرم أم الأنثيين أما اشتملت عليه أرحام الأنثيين نبئوني بعلم إن كنتم صادقين,ومن الإبل اثنين ومن البقر اثنين قل آلذكرين حرم أم الأنثيين أما اشتملت عليه أرحام الأنثيين أم كنتم شهداء إذ وصاكم الله بهذا فمن أظلم ممن افترى على الله كذبا ليضل الناس بغير علم إن الله لا يهدي القوم الظالمين,False,True
22:23,35:33,0.982,10,إن الله يدخل الذين آمنوا وعملوا الصالحات جنات تجري من تحتها الأنهار يحلون فيها من أساور من ذهب ولؤلؤا ولباسهم فيها حرير,جنات عدن يدخلونها يحلون فيها من أساور من ذهب ولؤلؤا ولباسهم فيها حرير,False,True
2:34,20:116,0.981,9,وإذ قلنا للملائكة اسجدوا لآدم فسجدوا إلا إبليس أبى واستكبر وكان من الكافرين,وإذ قلنا للملائكة اسجدوا لآدم فسجدوا إلا إبليس أبى,False,False
2:35,7:19,0.981,9,وقلنا يا آدم اسكن أنت وزوجك الجنة وكلا منها رغدا حيث شئتما ولا تقربا هذه الشجرة فتكونا من الظالمين,ويا آدم اسكن أنت وزوجك الجنة فكلا من حيث شئتما ولا تقربا هذه الشجرة فتكونا من الظالمين,False,True
7:73,7:85,0.975,15,وإلى ثمود أخاهم صالحا قال يا قوم اعبدوا الله ما لكم من إله غيره قد جاءتكم بينة من ربكم هذه ناقة الله لكم آية فذروها تأكل في أرض الله ولا تمسوها بسوء فيأخذكم عذاب أليم,وإلى مدين أخاهم شعيبا قال يا قوم اعبدوا الله ما لكم من إله غيره قد جاءتكم بينة من ربكم فأوفوا الكيل والميزان ولا تبخسوا الناس أشياءهم ولا تفسدوا في الأرض بعد إصلاحها ذلكم خير لكم إن كنتم مؤمنين,False,False
6:152,17:34,0.973,12,ولا تقربوا مال اليتيم إلا بالتي هي أحسن حتى يبلغ أشده وأوفوا الكيل والميزان بالقسط لا نكلف نفسا إلا وسعها وإذا قلتم فاعدلوا ولو كان ذا قربى وبعهد الله أوفوا ذلكم وصاكم به لعلكم تذكرون,ولا تقربوا مال اليتيم إلا بالتي هي أحسن حتى يبلغ أشده وأوفوا بالعهد إن العهد كان مسئولا,False,False
41:8,95:6,0.971,4,إن الذين آمنوا وعملوا الصالحات لهم أجر غير ممنون,إلا الذين آمنوا وعملوا الصالحات فلهم أجر غير ممنون,False,True
48:28,61:9,0.971,11,هو الذي أرسل رسوله بالهدى ودين الحق ليظهره على الدين كله وكفى بالله شهيدا,هو الذي أرسل رسوله بالهدى ودين الحق ليظهره على الدين كله ولو كره المشركون,False,False
9:33,48:28,0.97,11,هو الذي أرسل رسوله بالهدى ودين الحق ليظهره على الدين كله ولو كره المشركون,هو الذي أرسل رسوله بالهدى ودين الحق ليظهره على الدين كله وكفى بالله شهيدا,False,True
57:1,59:1,0.968,5,سبح لله ما في السماوات والأرض وهو العزيز الحكيم,سبح لله ما في السماوات وما في الأرض وهو العزيز الحكيم,False,False
11:37,23:27,0.968,7,واصنع الفلك بأعيننا ووحينا ولا تخاطبني في الذين ظلموا إنهم مغرقون,فأوحينا إليه أن اصنع الفلك بأعيننا ووحينا فإذا جاء أمرنا وفار التنور فاسلك فيها من كل زوجين اثنين وأهلك إلا من سبق عليه القول منهم ولا تخاطبني في الذين ظلموا إنهم مغرقون,False,True
22:61,31:29,0.967,9,ذلك بأن الله يولج الليل في النهار ويولج النهار في الليل وأن الله سميع بصير,ألم تر أن الله يولج الليل في النهار ويولج النهار في الليل وسخر الشمس والقمر كل يجري إلى أجل مسمى وأن الله بما تعملون خبير,False,True
27:19,46:15,0.967,14,فتبسم ضاحكا من قولها وقال رب أوزعني أن أشكر نعمتك التي أنعمت علي وعلى والدي وأن أعمل صالحا ترضاه وأدخلني برحمتك في عبادك الصالحين,ووصينا الإنسان بوالديه إحسانا حملته أمه كرها ووضعته كرها وحمله وفصاله ثلاثون شهرا حتى إذا بلغ أشده وبلغ أربعين سنة قال رب أوزعني أن أشكر نعمتك التي أنعمت علي وعلى والدي وأن أعمل صالحا ترضاه وأصلح لي في ذريتي إني تبت إليك وإني من المسلمين,False,True
57:1,61:1,0.966,5,سبح لله ما في السماوات والأرض وهو العزيز الحكيم,سبح لله ما في السماوات وما في الأرض وهو العزيز الحكيم,False,False
7:85,11:84,0.966,14,وإلى مدين أخاهم شعيبا قال يا قوم اعبدوا الله ما لكم من إله غيره قد جاءتكم بينة من ربكم فأوفوا الكيل والميزان ولا تبخسوا الناس أشياءهم ولا تفسدوا في الأرض بعد إصلاحها ذلكم خير لكم إن كنتم مؤمنين,وإلى مدين أخاهم شعيبا قال يا قوم اعبدوا الله ما لكم من إله غيره ولا تنقصوا المكيال والميزان إني أراكم بخير وإني أخاف عليكم عذاب يوم محيط,False,True
41:8,84:25,0.964,8,إن الذين آمنوا وعملوا الصالحات لهم أجر غير ممنون,إلا الذين آمنوا وعملوا الصالحات لهم أجر غير ممنون,False,True
7:12,38:76,0.964,10,قال ما منعك ألا تسجد إذ أمرتك قال أنا خير منه خلقتني من نار وخلقته من طين,قال أنا خير منه خلقتني من نار وخلقته من طين,False,False
57:21,62:4,0.963,10,سابقوا إلى مغفرة من ربكم وجنة عرضها كعرض السماء والأرض أعدت للذين آمنوا بالله ورسله ذلك فضل الله يؤتيه من يشاء والله ذو الفضل العظيم,ذلك فضل الله يؤتيه من يشاء والله ذو الفضل العظيم,False,False
2:62,2:277,0.963,9,إن الذين آمنوا والذين هادوا والنصارى والصابئين من آمن بالله واليوم الآخر وعمل صالحا فلهم أجرهم عند ربهم ولا خوف عليهم ولا هم يحزنون,إن الذين آمنوا وعملوا الصالحات وأقاموا الصلاة وآتوا الزكاة لهم أجرهم عند ربهم ولا خوف عليهم ولا هم يحزنون,True,False
7:73,11:61,0.959,14,وإلى ثمود أخاهم صالحا قال يا قوم اعبدوا الله ما لكم من إله غيره قد جاءتكم بينة من ربكم هذه ناقة الله لكم آية فذروها تأكل في أرض الله ولا تمسوها بسوء فيأخذكم عذاب أليم,وإلى ثمود أخاهم صالحا قال يا قوم اعبدوا الله ما لكم من إله غيره هو أنشأكم من الأرض واستعمركم فيها فاستغفروه ثم توبوا إليه إن ربي قريب مجيب,False,False
10:67,40:61,0.959,9,هو الذي جعل لكم الليل لتسكنوا فيه والنهار مبصرا إن في ذلك لآيات لقوم يسمعون,الله الذي جعل لكم الليل لتسكنوا فيه والنهار مبصرا إن الله لذو فضل على الناس ولكن أكثر الناس لا يشكرون,False,True
10:80,26:43,0.955,7,فلما جاء السحرة قال لهم موسى ألقوا ما أنتم ملقون,قال لهم موسى ألقوا ما أنتم ملقون,False,False
2:82,7:42,0.954,6,والذين آمنوا وعملوا الصالحات أولئك أصحاب الجنة هم فيها خالدون,والذين آمنوا وعملوا الصالحات لا نكلف نفسا إلا وسعها أولئك أصحاب الجنة هم فيها خالدون,False,True
7:65,23:23,0.95,11,وإلى عاد أخاهم هودا قال يا قوم اعبدوا الله ما لكم من إله غيره أفلا تتقون,ولقد أرسلنا نوحا إلى قومه فقال يا قوم اعبدوا الله ما لكم من إله غيره أفلا تتقون,False,True
10:61,34:3,0.95,10,وما تكون في شأن وما تتلو منه من قرآن ولا تعملون من عمل إلا كنا عليكم شهودا إذ تفيضون فيه وما يعزب عن ربك من مثقال ذرة في الأرض ولا في السماء ولا أصغر من ذلك ولا أكبر إلا في كتاب مبين,وقال الذين كفروا لا تأتينا الساعة قل بلى وربي لتأتينكم عالم الغيب لا يعزب عنه مثقال ذرة في السماوات ولا في الأرض ولا أصغر من ذلك ولا أكبر إلا في كتاب مبين,False,False
15:19,50:7,0.949,9,والأرض مددناها وألقينا فيها رواسي وأنبتنا فيها من كل شيء موزون,والأرض مددناها وألقينا فيها رواسي وأنبتنا فيها من كل زوج بهيج,False,True
28:46,32:3,0.946,11,وما كنت بجانب الطور إذ نادينا ولكن رحمة من ربك لتنذر قوما ما أتاهم من نذير من قبلك لعلهم يتذكرون,أم يقولون افتراه بل هو الحق من ربك لتنذر قوما ما أتاهم من نذير من قبلك لعلهم يهتدون,False,True
23:23,23:32,0.946,9,ولقد أرسلنا نوحا إلى قومه فقال يا قوم اعبدوا الله ما لكم من إله غيره أفلا تتقون,فأرسلنا فيهم رسولا منهم أن اعبدوا الله ما لكم من إله غيره أفلا تتقون,False,False
2:62,2:274,0.943,10,إن الذين آمنوا والذين هادوا والنصارى والصابئين من آمن بالله واليوم الآخر وعمل صالحا فلهم أجرهم عند ربهم ولا خوف عليهم ولا هم يحزنون,الذين ينفقون أموالهم بالليل والنهار سرا وعلانية فلهم أجرهم عند ربهم ولا خوف عليهم ولا هم يحزنون,True,False
2:284,3:129,0.942,6,لله ما في السماوات وما في الأرض وإن تبدوا ما في أنفسكم أو تخفوه يحاسبكم به الله فيغفر لمن يشاء ويعذب من يشاء والله على كل شيء قدير,ولله ما في السماوات وما في الأرض يغفر لمن يشاء ويعذب من يشاء والله غفور رحيم,False,False
34:43,46:7,0.942,5,وإذا تتلى عليهم آياتنا بينات قالوا ما هذا إلا رجل يريد أن يصدكم عما كان يعبد آباؤكم وقالوا ما هذا إلا إفك مفترى وقال الذين كفروا للحق لما جاءهم إن هذا إلا سحر مبين,وإذا تتلى عليهم آياتنا بينات قال الذين كفروا للحق لما جاءهم هذا سحر مبين,False,False
2:245,57:11,0.941,9,من ذا الذي يقرض الله قرضا حسنا فيضاعفه له أضعافا كثيرة والله يقبض ويبسط وإليه ترجعون,من ذا الذي يقرض الله قرضا حسنا فيضاعفه له وله أجر كريم,False,True
2:147,10:94,0.94,7,الحق من ربك فلا تكونن من الممترين,فإن كنت في شك مما أنزلنا إليك فاسأل الذين يقرءون الكتاب من قبلك لقد جاءك الحق من ربك فلا تكونن من الممترين,False,False
37:27,37:50,0.939,4,وأقبل بعضهم على بعض يتساءلون,فأقبل بعضهم على بعض يتساءلون,False,True
2:107,42:31,0.938,9,ألم تعلم أن الله له ملك السماوات والأرض وما لكم من دون الله من ولي ولا نصير,وما أنتم بمعجزين في الأرض وما لكم من دون الله من ولي ولا نصير,False,True
10:38,11:13,0.937,9,أم يقولون افتراه قل فأتوا بسورة مثله وادعوا من استطعتم من دون الله إن كنتم صادقين,أم يقولون افتراه قل فأتوا بعشر سور مثله مفتريات وادعوا من استطعتم من دون الله إن كنتم صادقين,False,False
7:59,26:135,0.937,6,لقد أرسلنا نوحا إلى قومه فقال يا قوم اعبدوا الله ما لكم من إله غيره إني أخاف عليكم عذاب يوم عظيم,إني أخاف عليكم عذاب يوم عظيم,True,True
2:34,17:61,0.935,8,وإذ قلنا للملائكة اسجدوا لآدم فسجدوا إلا إبليس أبى واستكبر وكان من الكافرين,وإذ قلنا للملائكة اسجدوا لآدم فسجدوا إلا إبليس قال أأسجد لمن خلقت طينا,False,False
41:45,42:14,0.933,5,ولقد آتينا موسى الكتاب فاختلف فيه ولولا كلمة سبقت من ربك لقضي بينهم وإنهم لفي شك منه مريب,وما تفرقوا إلا من بعد ما جاءهم العلم بغيا بينهم ولولا كلمة سبقت من ربك إلى أجل مسمى لقضي بينهم وإن الذين أورثوا الكتاب من بعدهم لفي شك منه مريب,False,True
31:29,57:6,0.932,8,ألم تر أن الله يولج الليل في النهار ويولج النهار في الليل وسخر الشمس والقمر كل يجري إلى أجل مسمى وأن الله بما تعملون خبير,يولج الليل في النهار ويولج النهار في الليل وهو عليم بذات الصدور,False,False
7:60,7:66,0.932,5,قال الملأ من قومه إنا لنراك في ضلال مبين,قال الملأ الذين كفروا من قومه إنا لنراك في سفاهة وإنا لنظنك من الكاذبين,False,False
6:102,39:62,0.929,5,ذلكم الله ربكم لا إله إلا هو خالق كل شيء فاعبدوه وهو على كل شيء وكيل,الله خالق كل شيء وهو على كل شيء وكيل,False,False
11:110,42:14,0.924,5,ولقد آتينا موسى الكتاب فاختلف فيه ولولا كلمة سبقت من ربك لقضي بينهم وإنهم لفي شك منه مريب,وما تفرقوا إلا من بعد ما جاءهم العلم بغيا بينهم ولولا كلمة سبقت من ربك إلى أجل مسمى لقضي بينهم وإن الذين أورثوا الكتاب من بعدهم لفي شك منه مريب,False,True
21:92,23:52,0.918,6,إن هذه أمتكم أمة واحدة وأنا ربكم فاعبدون,وإن هذه أمتكم أمة واحدة وأنا ربكم فاتقون,False,False
12:18,12:83,0.916,8,وجاءوا على قميصه بدم كذب قال بل سولت لكم أنفسكم أمرا فصبر جميل والله المستعان على ما تصفون,قال بل سولت لكم أنفسكم أمرا فصبر جميل عسى الله أن يأتيني بهم جميعا إنه هو العليم الحكيم,False,True
6:21,29:68,0.913,9,ومن أظلم ممن افترى على الله كذبا أو كذب بآياته إنه لا يفلح الظالمون,ومن أظلم ممن افترى على الله كذبا أو كذب بالحق لما جاءه أليس في جهنم مثوى للكافرين,False,True
34:36,34:39,0.912,7,قل إن ربي يبسط الرزق لمن يشاء ويقدر ولكن أكثر الناس لا يعلمون,قل إن ربي يبسط الرزق لمن يشاء من عباده ويقدر له وما أنفقتم من شيء فهو يخلفه وهو خير الرازقين,False,True
68:52,81:27,0.911,4,وما هو إلا ذكر للعالمين,إن هو إلا ذكر للعالمين,False,True
37:50,52:25,0.911,4,فأقبل بعضهم على بعض يتساءلون,وأقبل بعضهم على بعض يتساءلون,False,False
15:45,26:147,0.91,3,إن المتقين في جنات وعيون,في جنات وعيون,False,True
6:25,17:46,0.909,9,ومنهم من يستمع إليك وجعلنا على قلوبهم أكنة أن يفقهوه وفي آذانهم وقرا وإن يروا كل آية لا يؤمنوا بها حتى إذا جاءوك يجادلونك يقول الذين كفروا إن هذا إلا أساطير الأولين,وجعلنا على قلوبهم أكنة أن يفقهوه وفي آذانهم وقرا وإذا ذكرت ربك في القرآن وحده ولوا على أدبارهم نفورا,False,False
38:87,68:52,0.908,4,إن هو إلا ذكر للعالمين,وما هو إلا ذكر للعالمين,False,False
26:147,51:15,0.906,3,في جنات وعيون,إن المتقين في جنات وعيون,False,True
7:65,7:73,0.905,10,وإلى عاد أخاهم هودا قال يا قوم اعبدوا الله ما لكم من إله غيره أفلا تتقون,وإلى ثمود أخاهم صالحا قال يا قوم اعبدوا الله ما لكم من إله غيره قد جاءتكم بينة من ربكم هذه ناقة الله لكم آية فذروها تأكل في أرض الله ولا تمسوها بسوء فيأخذكم عذاب أليم,False,True
9:116,42:31,0.904,9,إن الله له ملك السماوات والأرض يحيي ويميت وما لكم من دون الله من ولي ولا نصير,وما أنتم بمعجزين في الأرض وما لكم من دون الله من ولي ولا نصير,False,True
19:9,19:21,0.903,7,قال كذلك قال ربك هو علي هين وقد خلقتك من قبل ولم تك شيئا,قال كذلك قال ربك هو علي هين ولنجعله آية للناس ورحمة منا وكان أمرا مقضيا,False,False
7:59,11:84,0.903,9,لقد أرسلنا نوحا إلى قومه فقال يا قوم اعبدوا الله ما لكم من إله غيره إني أخاف عليكم عذاب يوم عظيم,وإلى مدين أخاهم شعيبا قال يا قوم اعبدوا الله ما لكم من إله غيره ولا تنقصوا المكيال والميزان إني أراكم بخير وإني أخاف عليكم عذاب يوم محيط,True,True
2:62,2:262,0.901,9,إن الذين آمنوا والذين هادوا والنصارى والصابئين من آمن بالله واليوم الآخر وعمل صالحا فلهم أجرهم عند ربهم ولا خوف عليهم ولا هم يحزنون,الذين ينفقون أموالهم في سبيل الله ثم لا يتبعون ما أنفقوا منا ولا أذى لهم أجرهم عند ربهم ولا خوف عليهم ولا هم يحزنون,True,False
6:116,10:66,0.901,8,وإن تطع أكثر من في الأرض يضلوك عن سبيل الله إن يتبعون إلا الظن وإن هم إلا يخرصون,ألا إن لله من في السماوات ومن في الأرض وما يتبع الذين يدعون من دون الله شركاء إن يتبعون إلا الظن وإن هم إلا يخرصون,False,True
35:19,40:58,0.9,4,وما يستوي الأعمى والبصير,وما يستوي الأعمى والبصير والذين آمنوا وعملوا الصالحات ولا المسيء قليلا ما تتذكرون,False,True
35:13,57:6,0.9,8,يولج الليل في النهار ويولج النهار في الليل وسخر الشمس والقمر كل يجري لأجل مسمى ذلكم الله ربكم له الملك والذين تدعون من دونه ما يملكون من قطمير,يولج الليل في النهار ويولج النهار في الليل وهو عليم بذات الصدور,False,False
15:45,51:15,0.899,5,إن المتقين في جنات وعيون,إن المتقين في جنات وعيون,False,True
29:65,31:32,0.899,9,فإذا ركبوا في الفلك دعوا الله مخلصين له الدين فلما نجاهم إلى البر إذا هم يشركون,وإذا غشيهم موج كالظلل دعوا الله مخلصين له الدين فلما نجاهم إلى البر فمنهم مقتصد وما يجحد بآياتنا إلا كل ختار كفور,True,True
8:72,8:74,0.898,7,إن الذين آمنوا وهاجروا وجاهدوا بأموالهم وأنفسهم في سبيل الله والذين آووا ونصروا أولئك بعضهم أولياء بعض والذين آمنوا ولم يهاجروا ما لكم من ولايتهم من شيء حتى يهاجروا وإن استنصروكم في الدين فعليكم النصر إلا على قوم بينكم وبينهم ميثاق والله بما تعملون بصير,والذين آمنوا وهاجروا وجاهدوا في سبيل الله والذين آووا ونصروا أولئك هم المؤمنون حقا لهم مغفرة ورزق كريم,False,True
9:80,63:6,0.895,4,استغفر لهم أو لا تستغفر لهم إن تستغفر لهم سبعين مرة فلن يغفر الله لهم ذلك بأنهم كفروا بالله ورسوله والله لا يهدي القوم الفاسقين,سواء عليهم أستغفرت لهم أم لم تستغفر لهم لن يغفر الله لهم إن الله لا يهدي القوم الفاسقين,False,False
11:50,11:84,0.892,10,وإلى عاد أخاهم هودا قال يا قوم اعبدوا الله ما لكم من إله غيره إن أنتم إلا مفترون,وإلى مدين أخاهم شعيبا قال يا قوم اعبدوا الله ما لكم من إله غيره ولا تنقصوا المكيال والميزان إني أراكم بخير وإني أخاف عليكم عذاب يوم محيط,False,True
26:135,46:21,0.889,6,إني أخاف عليكم عذاب يوم عظيم,واذكر أخا عاد إذ أنذر قومه بالأحقاف وقد خلت النذر من بين يديه ومن خلفه ألا تعبدوا إلا الله إني أخاف عليكم عذاب يوم عظيم,False,False
6:21,7:37,0.888,9,ومن أظلم ممن افترى على الله كذبا أو كذب بآياته إنه لا يفلح الظالمون,فمن أظلم ممن افترى على الله كذبا أو كذب بآياته أولئك ينالهم نصيبهم من الكتاب حتى إذا جاءتهم رسلنا يتوفونهم قالوا أين ما كنتم تدعون من دون الله قالوا ضلوا عنا وشهدوا على أنفسهم أنهم كانوا كافرين,False,True
11:26,46:21,0.888,8,أن لا تعبدوا إلا الله إني أخاف عليكم عذاب يوم أليم,واذكر أخا عاد إذ أنذر قومه بالأحقاف وقد خلت النذر من بين يديه ومن خلفه ألا تعبدوا إلا الله إني أخاف عليكم عذاب يوم عظيم,False,False
3:60,10:94,0.887,4,الحق من ربك فلا تكن من الممترين,فإن كنت في شك مما أنزلنا إليك فاسأل الذين يقرءون الكتاب من قبلك لقد جاءك الحق من ربك فلا تكونن من الممترين,False,False
2:107,29:22,0.881,9,ألم تعلم أن الله له ملك السماوات والأرض وما لكم من دون الله من ولي ولا نصير,وما أنتم بمعجزين في الأرض ولا في السماء وما لكم من دون الله من ولي ولا نصير,False,True
2:116,30:26,0.876,6,وقالوا اتخذ الله ولدا سبحانه بل له ما في السماوات والأرض كل له قانتون,وله من في السماوات والأرض كل له قانتون,False,True
11:26,26:135,0.874,5,أن لا تعبدوا إلا الله إني أخاف عليكم عذاب يوم أليم,إني أخاف عليكم عذاب يوم عظيم,False,True
22:61,35:13,0.872,8,ذلك بأن الله يولج الليل في النهار ويولج النهار في الليل وأن الله سميع بصير,يولج الليل في النهار ويولج النهار في الليل وسخر الشمس والقمر كل يجري لأجل مسمى ذلكم الله ربكم له الملك والذين تدعون من دونه ما يملكون من قطمير,False,True
2:225,5:89,0.872,9,لا يؤاخذكم الله باللغو في أيمانكم ولكن يؤاخذكم بما كسبت قلوبكم والله غفور حليم,لا يؤاخذكم الله باللغو في أيمانكم ولكن يؤاخذكم بما عقدتم الأيمان فكفارته إطعام عشرة مساكين من أوسط ما تطعمون أهليكم أو كسوتهم أو تحرير رقبة فمن لم يجد فصيام ثلاثة أيام ذلك كفارة أيمانكم إذا حلفتم واحفظوا أيمانكم كذلك يبين الله لكم آياته لعلكم تشكرون,False,True
5:64,5:68,0.871,10,وقالت اليهود يد الله مغلولة غلت أيديهم ولعنوا بما قالوا بل يداه مبسوطتان ينفق كيف يشاء وليزيدن كثيرا منهم ما أنزل إليك من ربك طغيانا وكفرا وألقينا بينهم العداوة والبغضاء إلى يوم القيامة كلما أوقدوا نارا للحرب أطفأها الله ويسعون في الأرض فسادا والله لا يحب المفسدين,قل يا أهل الكتاب لستم على شيء حتى تقيموا التوراة والإنجيل وما أنزل إليكم من ربكم وليزيدن كثيرا منهم ما أنزل إليك من ربك طغيانا وكفرا فلا تأس على القوم الكافرين,False,False
4:61,5:104,0.871,10,وإذا قيل لهم تعالوا إلى ما أنزل الله وإلى الرسول رأيت المنافقين يصدون عنك صدودا,وإذا قيل لهم تعالوا إلى ما أنزل الله وإلى الرسول قالوا حسبنا ما وجدنا عليه آباءنا أولو كان آباؤهم لا يعلمون شيئا ولا يهتدون,False,True
11:63,11:88,0.87,10,قال يا قوم أرأيتم إن كنت على بينة من ربي وآتاني منه رحمة فمن ينصرني من الله إن عصيته فما تزيدونني غير تخسير,قال يا قوم أرأيتم إن كنت على بينة من ربي ورزقني منه رزقا حسنا وما أريد أن أخالفكم إلى ما أنهاكم عنه إن أريد إلا الإصلاح ما استطعت وما توفيقي إلا بالله عليه توكلت وإليه أنيب,False,False
7:59,7:65,0.869,9,لقد أرسلنا نوحا إلى قومه فقال يا قوم اعبدوا الله ما لكم من إله غيره إني أخاف عليكم عذاب يوم عظيم,وإلى عاد أخاهم هودا قال يا قوم اعبدوا الله ما لكم من إله غيره أفلا تتقون,True,False
9:116,29:22,0.866,9,إن الله له ملك السماوات والأرض يحيي ويميت وما لكم من دون الله من ولي ولا نصير,وما أنتم بمعجزين في الأرض ولا في السماء وما لكم من دون الله من ولي ولا نصير,False,True
21:52,26:70,0.864,5,إذ قال لأبيه وقومه ما هذه التماثيل التي أنتم لها عاكفون,إذ قال لأبيه وقومه ما تعبدون,True,True
3:47,19:35,0.862,8,قالت رب أنى يكون لي ولد ولم يمسسني بشر قال كذلك الله يخلق ما يشاء إذا قضى أمرا فإنما يقول له كن فيكون,ما كان لله أن يتخذ من ولد سبحانه إذا قضى أمرا فإنما يقول له كن فيكون,True,False
57:21,57:29,0.86,8,سابقوا إلى مغفرة من ربكم وجنة عرضها كعرض السماء والأرض أعدت للذين آمنوا بالله ورسله ذلك فضل الله يؤتيه من يشاء والله ذو الفضل العظيم,لئلا يعلم أهل الكتاب ألا يقدرون على شيء من فضل الله وأن الفضل بيد الله يؤتيه من يشاء والله ذو الفضل العظيم,False,False
2:117,3:47,0.86,7,بديع السماوات والأرض وإذا قضى أمرا فإنما يقول له كن فيكون,قالت رب أنى يكون لي ولد ولم يمسسني بشر قال كذلك الله يخلق ما يشاء إذا قضى أمرا فإنما يقول له كن فيكون,True,True
7:42,11:23,0.857,6,والذين آمنوا وعملوا الصالحات لا نكلف نفسا إلا وسعها أولئك أصحاب الجنة هم فيها خالدون,إن الذين آمنوا وعملوا الصالحات وأخبتوا إلى ربهم أولئك أصحاب الجنة هم فيها خالدون,False,False
2:86,2:162,0.857,5,أولئك الذين اشتروا الحياة الدنيا بالآخرة فلا يخفف عنهم العذاب ولا هم ينصرون,خالدين فيها لا يخفف عنهم العذاب ولا هم ينظرون,False,True
28:82,29:62,0.855,8,وأصبح الذين تمنوا مكانه بالأمس يقولون ويكأن الله يبسط الرزق لمن يشاء من عباده ويقدر لولا أن من الله علينا لخسف بنا ويكأنه لا يفلح الكافرون,الله يبسط الرزق لمن يشاء من عباده ويقدر له إن الله بكل شيء عليم,False,True
39:50,40:82,0.853,6,قد قالها الذين من قبلهم فما أغنى عنهم ما كانوا يكسبون,أفلم يسيروا في الأرض فينظروا كيف كان عاقبة الذين من قبلهم كانوا أكثر منهم وأشد قوة وآثارا في الأرض فما أغنى عنهم ما كانوا يكسبون,False,True
7:83,29:32,0.849,6,فأنجيناه وأهله إلا امرأته كانت من الغابرين,قال إن فيها لوطا قالوا نحن أعلم بمن فيها لننجينه وأهله إلا امرأته كانت من الغابرين,False,False
32:25,45:17,0.849,7,إن ربك هو يفصل بينهم يوم القيامة فيما كانوا فيه يختلفون,وآتيناهم بينات من الأمر فما اختلفوا إلا من بعد ما جاءهم العلم بغيا بينهم إن ربك يقضي بينهم يوم القيامة فيما كانوا فيه يختلفون,False,True
11:28,11:88,0.847,10,قال يا قوم أرأيتم إن كنت على بينة من ربي وآتاني رحمة من عنده فعميت عليكم أنلزمكموها وأنتم لها كارهون,قال يا قوم أرأيتم إن كنت على بينة من ربي ورزقني منه رزقا حسنا وما أريد أن أخالفكم إلى ما أنهاكم عنه إن أريد إلا الإصلاح ما استطعت وما توفيقي إلا بالله عليه توكلت وإليه أنيب,False,False
2:34,18:50,0.847,8,وإذ قلنا للملائكة اسجدوا لآدم فسجدوا إلا إبليس أبى واستكبر وكان من الكافرين,وإذ قلنا للملائكة اسجدوا لآدم فسجدوا إلا إبليس كان من الجن ففسق عن أمر ربه أفتتخذونه وذريته أولياء من دوني وهم لكم عدو بئس للظالمين بدلا,False,False
6:25,18:57,0.846,9,ومنهم من يستمع إليك وجعلنا على قلوبهم أكنة أن يفقهوه وفي آذانهم وقرا وإن يروا كل آية لا يؤمنوا بها حتى إذا جاءوك يجادلونك يقول الذين كفروا إن هذا إلا أساطير الأولين,ومن أظلم ممن ذكر بآيات ربه فأعرض عنها ونسي ما قدمت يداه إنا جعلنا على قلوبهم أكنة أن يفقهوه وفي آذانهم وقرا وإن تدعهم إلى الهدى فلن يهتدوا إذا أبدا,False,True
7:65,11:84,0.84,10,وإلى عاد أخاهم هودا قال يا قوم اعبدوا الله ما لكم من إله غيره أفلا تتقون,وإلى مدين أخاهم شعيبا قال يا قوم اعبدوا الله ما لكم من إله غيره ولا تنقصوا المكيال والميزان إني أراكم بخير وإني أخاف عليكم عذاب يوم محيط,False,True
31:25,43:9,0.839,7,ولئن سألتهم من خلق السماوات والأرض ليقولن الله قل الحمد لله بل أكثرهم لا يعلمون,ولئن سألتهم من خلق السماوات والأرض ليقولن خلقهن العزيز العليم,False,False
3:47,40:68,0.839,7,قالت رب أنى يكون لي ولد ولم يمسسني بشر قال كذلك الله يخلق ما يشاء إذا قضى أمرا فإنما يقول له كن فيكون,هو الذي يحيي ويميت فإذا قضى أمرا فإنما يقول له كن فيكون,True,False
15:84,40:82,0.838,6,فما أغنى عنهم ما كانوا يكسبون,أفلم يسيروا في الأرض فينظروا كيف كان عاقبة الذين من قبلهم كانوا أكثر منهم وأشد قوة وآثارا في الأرض فما أغنى عنهم ما كانوا يكسبون,False,True
29:50,67:26,0.836,6,وقالوا لولا أنزل عليه آيات من ربه قل إنما الآيات عند الله وإنما أنا نذير مبين,قل إنما العلم عند الله وإنما أنا نذير مبين,False,False
9:94,62:8,0.835,10,يعتذرون إليكم إذا رجعتم إليهم قل لا تعتذروا لن نؤمن لكم قد نبأنا الله من أخباركم وسيرى الله عملكم ورسوله ثم تردون إلى عالم الغيب والشهادة فينبئكم بما كنتم تعملون,قل إن الموت الذي تفرون منه فإنه ملاقيكم ثم تردون إلى عالم الغيب والشهادة فينبئكم بما كنتم تعملون,False,False
10:67,27:86,0.832,8,هو الذي جعل لكم الليل لتسكنوا فيه والنهار مبصرا إن في ذلك لآيات لقوم يسمعون,ألم يروا أنا جعلنا الليل ليسكنوا فيه والنهار مبصرا إن في ذلك لآيات لقوم يؤمنون,False,True
2:34,7:11,0.831,7,وإذ قلنا للملائكة اسجدوا لآدم فسجدوا إلا إبليس أبى واستكبر وكان من الكافرين,ولقد خلقناكم ثم صورناكم ثم قلنا للملائكة اسجدوا لآدم فسجدوا إلا إبليس لم يكن من الساجدين,False,False
10:17,29:68,0.827,8,فمن أظلم ممن افترى على الله كذبا أو كذب بآياته إنه لا يفلح المجرمون,ومن أظلم ممن افترى على الله كذبا أو كذب بالحق لما جاءه أليس في جهنم مثوى للكافرين,False,True
10:93,32:25,0.825,7,ولقد بوأنا بني إسرائيل مبوأ صدق ورزقناهم من الطيبات فما اختلفوا حتى جاءهم العلم إن ربك يقضي بينهم يوم القيامة فيما كانوا فيه يختلفون,إن ربك هو يفصل بينهم يوم القيامة فيما كانوا فيه يختلفون,False,False
11:61,11:84,0.823,10,وإلى ثمود أخاهم صالحا قال يا قوم اعبدوا الله ما لكم من إله غيره هو أنشأكم من الأرض واستعمركم فيها فاستغفروه ثم توبوا إليه إن ربي قريب مجيب,وإلى مدين أخاهم شعيبا قال يا قوم اعبدوا الله ما لكم من إله غيره ولا تنقصوا المكيال والميزان إني أراكم بخير وإني أخاف عليكم عذاب يوم محيط,False,True
44:52,51:15,0.823,3,في جنات وعيون,إن المتقين في جنات وعيون,False,True
13:23,40:8,0.822,6,جنات عدن يدخلونها ومن صلح من آبائهم وأزواجهم وذرياتهم والملائكة يدخلون عليهم من كل باب,ربنا وأدخلهم جنات عدن التي وعدتهم ومن صلح من آبائهم وأزواجهم وذرياتهم إنك أنت العزيز الحكيم,False,False
23:22,40:80,0.821,4,وعليها وعلى الفلك تحملون,ولكم فيها منافع ولتبلغوا عليها حاجة في صدوركم وعليها وعلى الفلك تحملون,False,True
7:73,11:50,0.82,10,وإلى ثمود أخاهم صالحا قال يا قوم اعبدوا الله ما لكم من إله غيره قد جاءتكم بينة من ربكم هذه ناقة الله لكم آية فذروها تأكل في أرض الله ولا تمسوها بسوء فيأخذكم عذاب أليم,وإلى عاد أخاهم هودا قال يا قوم اعبدوا الله ما لكم من إله غيره إن أنتم إلا مفترون,False,False
11:25,71:2,0.814,4,ولقد أرسلنا نوحا إلى قومه إني لكم نذير مبين,قال يا قوم إني لكم نذير مبين,False,False
3:52,61:14,0.813,9,فلما أحس عيسى منهم الكفر قال من أنصاري إلى الله قال الحواريون نحن أنصار الله آمنا بالله واشهد بأنا مسلمون,يا أيها الذين آمنوا كونوا أنصار الله كما قال عيسى ابن مريم للحواريين من أنصاري إلى الله قال الحواريون نحن أنصار الله فآمنت طائفة من بني إسرائيل وكفرت طائفة فأيدنا الذين آمنوا على عدوهم فأصبحوا ظاهرين,False,False
5:104,31:21,0.812,6,وإذا قيل لهم تعالوا إلى ما أنزل الله وإلى الرسول قالوا حسبنا ما وجدنا عليه آباءنا أولو كان آباؤهم لا يعلمون شيئا ولا يهتدون,وإذا قيل لهم اتبعوا ما أنزل الله قالوا بل نتبع ما وجدنا عليه آباءنا أولو كان الشيطان يدعوهم إلى عذاب السعير,False,True
17:46,18:57,0.812,8,وجعلنا على قلوبهم أكنة أن يفقهوه وفي آذانهم وقرا وإذا ذكرت ربك في القرآن وحده ولوا على أدبارهم نفورا,ومن أظلم ممن ذكر بآيات ربه فأعرض عنها ونسي ما قدمت يداه إنا جعلنا على قلوبهم أكنة أن يفقهوه وفي آذانهم وقرا وإن تدعهم إلى الهدى فلن يهتدوا إذا أبدا,False,True
14:23,65:11,0.808,7,وأدخل الذين آمنوا وعملوا الصالحات جنات تجري من تحتها الأنهار خالدين فيها بإذن ربهم تحيتهم فيها سلام,رسولا يتلو عليكم آيات الله مبينات ليخرج الذين آمنوا وعملوا الصالحات من الظلمات إلى النور ومن يؤمن بالله ويعمل صالحا يدخله جنات تجري من تحتها الأنهار خالدين فيها أبدا قد أحسن الله له رزقا,False,True
6:21,6:93,0.808,8,ومن أظلم ممن افترى على الله كذبا أو كذب بآياته إنه لا يفلح الظالمون,ومن أظلم ممن افترى على الله كذبا أو قال أوحي إلي ولم يوح إليه شيء ومن قال سأنزل مثل ما أنزل الله ولو ترى إذ الظالمون في غمرات الموت والملائكة باسطو أيديهم أخرجوا أنفسكم اليوم تجزون عذاب الهون بما كنتم تقولون على الله غير الحق وكنتم عن آياته تستكبرون,False,False
5:9,35:7,0.802,6,وعد الله الذين آمنوا وعملوا الصالحات لهم مغفرة وأجر عظيم,الذين كفروا لهم عذاب شديد والذين آمنوا وعملوا الصالحات لهم مغفرة وأجر كبير,False,True
3:27,30:19,0.801,3,تولج الليل في النهار وتولج النهار في الليل وتخرج الحي من الميت وتخرج الميت من الحي وترزق من تشاء بغير حساب,يخرج الحي من الميت ويخرج الميت من الحي ويحيي الأرض بعد موتها وكذلك تخرجون,False,True
10:20,10:102,0.799,5,ويقولون لولا أنزل عليه آية من ربه فقل إنما الغيب لله فانتظروا إني معكم من المنتظرين,فهل ينتظرون إلا مثل أيام الذين خلوا من قبلهم قل فانتظروا إني معكم من المنتظرين,False,False
9:89,85:11,0.798,6,أعد الله لهم جنات تجري من تحتها الأنهار خالدين فيها ذلك الفوز العظيم,إن الذين آمنوا وعملوا الصالحات لهم جنات تجري من تحتها الأنهار ذلك الفوز الكبير,False,False
40:59,45:26,0.798,4,إن الساعة لآتية لا ريب فيها ولكن أكثر الناس لا يؤمنون,قل الله يحييكم ثم يميتكم ثم يجمعكم إلى يوم القيامة لا ريب فيه ولكن أكثر الناس لا يعلمون,False,False
11:50,23:23,0.794,9,وإلى عاد أخاهم هودا قال يا قوم اعبدوا الله ما لكم من إله غيره إن أنتم إلا مفترون,ولقد أرسلنا نوحا إلى قومه فقال يا قوم اعبدوا الله ما لكم من إله غيره أفلا تتقون,False,True
6:22,10:28,0.793,7,ويوم نحشرهم جميعا ثم نقول للذين أشركوا أين شركاؤكم الذين كنتم تزعمون,ويوم نحشرهم جميعا ثم نقول للذين أشركوا مكانكم أنتم وشركاؤكم فزيلنا بينهم وقال شركاؤهم ما كنتم إيانا تعبدون,False,False
12:109,16:43,0.792,8,وما أرسلنا من قبلك إلا رجالا نوحي إليهم من أهل القرى أفلم يسيروا في الأرض فينظروا كيف كان عاقبة الذين من قبلهم ولدار الآخرة خير للذين اتقوا أفلا تعقلون,وما أرسلنا من قبلك إلا رجالا نوحي إليهم فاسألوا أهل الذكر إن كنتم لا تعلمون,False,False
2:86,3:88,0.791,5,أولئك الذين اشتروا الحياة الدنيا بالآخرة فلا يخفف عنهم العذاب ولا هم ينصرون,خالدين فيها لا يخفف عنهم العذاب ولا هم ينظرون,False,True
29:61,31:25,0.791,6,ولئن سألتهم من خلق السماوات والأرض وسخر الشمس والقمر ليقولن الله فأنى يؤفكون,ولئن سألتهم من خلق السماوات والأرض ليقولن الله قل الحمد لله بل أكثرهم لا يعلمون,False,True
35:3,40:62,0.79,6,يا أيها الناس اذكروا نعمت الله عليكم هل من خالق غير الله يرزقكم من السماء والأرض لا إله إلا هو فأنى تؤفكون,ذلكم الله ربكم خالق كل شيء لا إله إلا هو فأنى تؤفكون,False,True
37:159,37:180,0.788,2,سبحان الله عما يصفون,سبحان ربك رب العزة عما يصفون,False,False
26:147,44:52,0.788,3,في جنات وعيون,في جنات وعيون,False,False
29:62,42:12,0.788,4,الله يبسط الرزق لمن يشاء من عباده ويقدر له إن الله بكل شيء عليم,له مقاليد السماوات والأرض يبسط الرزق لمن يشاء ويقدر إنه بكل شيء عليم,False,False
10:97,26:201,0.786,4,ولو جاءتهم كل آية حتى يروا العذاب الأليم,لا يؤمنون به حتى يروا العذاب الأليم,False,True
7:59,7:73,0.785,9,لقد أرسلنا نوحا إلى قومه فقال يا قوم اعبدوا الله ما لكم من إله غيره إني أخاف عليكم عذاب يوم عظيم,وإلى ثمود أخاهم صالحا قال يا قوم اعبدوا الله ما لكم من إله غيره قد جاءتكم بينة من ربكم هذه ناقة الله لكم آية فذروها تأكل في أرض الله ولا تمسوها بسوء فيأخذكم عذاب أليم,True,True
26:135,39:13,0.781,3,إني أخاف عليكم عذاب يوم عظيم,قل إني أخاف إن عصيت ربي عذاب يوم عظيم,False,False
6:15,26:135,0.78,3,قل إني أخاف إن عصيت ربي عذاب يوم عظيم,إني أخاف عليكم عذاب يوم عظيم,False,True
39:15,42:45,0.778,9,فاعبدوا ما شئتم من دونه قل إن الخاسرين الذين خسروا أنفسهم وأهليهم يوم القيامة ألا ذلك هو الخسران المبين,وتراهم يعرضون عليها خاشعين من الذل ينظرون من طرف خفي وقال الذين آمنوا إن الخاسرين الذين خسروا أنفسهم وأهليهم يوم القيامة ألا إن الظالمين في عذاب مقيم,False,True
33:65,48:22,0.776,5,خالدين فيها أبدا لا يجدون وليا ولا نصيرا,ولو قاتلكم الذين كفروا لولوا الأدبار ثم لا يجدون وليا ولا نصيرا,False,False
7:59,11:50,0.774,9,لقد أرسلنا نوحا إلى قومه فقال يا قوم اعبدوا الله ما لكم من إله غيره إني أخاف عليكم عذاب يوم عظيم,وإلى عاد أخاهم هودا قال يا قوم اعبدوا الله ما لكم من إله غيره إن أنتم إلا مفترون,True,False
30:46,45:12,0.766,6,ومن آياته أن يرسل الرياح مبشرات وليذيقكم من رحمته ولتجري الفلك بأمره ولتبتغوا من فضله ولعلكم تشكرون,الله الذي سخر لكم البحر لتجري الفلك فيه بأمره ولتبتغوا من فضله ولعلكم تشكرون,False,True
4:122,14:23,0.764,7,والذين آمنوا وعملوا الصالحات سندخلهم جنات تجري من تحتها الأنهار خالدين فيها أبدا وعد الله حقا ومن أصدق من الله قيلا,وأدخل الذين آمنوا وعملوا الصالحات جنات تجري من تحتها الأنهار خالدين فيها بإذن ربهم تحيتهم فيها سلام,False,False
20:54,20:128,0.763,6,كلوا وارعوا أنعامكم إن في ذلك لآيات لأولي النهى,أفلم يهد لهم كم أهلكنا قبلهم من القرون يمشون في مساكنهم إن في ذلك لآيات لأولي النهى,True,True
22:3,31:20,0.76,8,ومن الناس من يجادل في الله بغير علم ويتبع كل شيطان مريد,ألم تروا أن الله سخر لكم ما في السماوات وما في الأرض وأسبغ عليكم نعمه ظاهرة وباطنة ومن الناس من يجادل في الله بغير علم ولا هدى ولا كتاب منير,False,True
4:13,5:85,0.759,8,تلك حدود الله ومن يطع الله ورسوله يدخله جنات تجري من تحتها الأنهار خالدين فيها وذلك الفوز العظيم,فأثابهم الله بما قالوا جنات تجري من تحتها الأنهار خالدين فيها وذلك جزاء المحسنين,False,False
2:116,21:26,0.755,3,وقالوا اتخذ الله ولدا سبحانه بل له ما في السماوات والأرض كل له قانتون,وقالوا اتخذ الرحمن ولدا سبحانه بل عباد مكرمون,False,False
4:57,14:23,0.753,7,والذين آمنوا وعملوا الصالحات سندخلهم جنات تجري من تحتها الأنهار خالدين فيها أبدا لهم فيها أزواج مطهرة وندخلهم ظلا ظليلا,وأدخل الذين آمنوا وعملوا الصالحات جنات تجري من تحتها الأنهار خالدين فيها بإذن ربهم تحيتهم فيها سلام,False,False
5:69,6:48,0.748,6,إن الذين آمنوا والذين هادوا والصابئون والنصارى من آمن بالله واليوم الآخر وعمل صالحا فلا خوف عليهم ولا هم يحزنون,وما نرسل المرسلين إلا مبشرين ومنذرين فمن آمن وأصلح فلا خوف عليهم ولا هم يحزنون,False,True
23:24,28:36,0.745,5,فقال الملأ الذين كفروا من قومه ما هذا إلا بشر مثلكم يريد أن يتفضل عليكم ولو شاء الله لأنزل ملائكة ما سمعنا بهذا في آبائنا الأولين,فلما جاءهم موسى بآياتنا بينات قالوا ما هذا إلا سحر مفترى وما سمعنا بهذا في آبائنا الأولين,False,True
29:62,30:37,0.743,5,الله يبسط الرزق لمن يشاء من عباده ويقدر له إن الله بكل شيء عليم,أولم يروا أن الله يبسط الرزق لمن يشاء ويقدر إن في ذلك لآيات لقوم يؤمنون,False,True
5:69,46:13,0.741,6,إن الذين آمنوا والذين هادوا والصابئون والنصارى من آمن بالله واليوم الآخر وعمل صالحا فلا خوف عليهم ولا هم يحزنون,إن الذين قالوا ربنا الله ثم استقاموا فلا خوف عليهم ولا هم يحزنون,False,False
23:53,30:32,0.738,5,فتقطعوا أمرهم بينهم زبرا كل حزب بما لديهم فرحون,من الذين فرقوا دينهم وكانوا شيعا كل حزب بما لديهم فرحون,True,False
4:131,4:132,0.737,7,ولله ما في السماوات وما في الأرض ولقد وصينا الذين أوتوا الكتاب من قبلكم وإياكم أن اتقوا الله وإن تكفروا فإن لله ما في السماوات وما في الأرض وكان الله غنيا حميدا,ولله ما في السماوات وما في الأرض وكفى بالله وكيلا,False,True
2:112,2:277,0.737,6,بلى من أسلم وجهه لله وهو محسن فله أجره عند ربه ولا خوف عليهم ولا هم يحزنون,إن الذين آمنوا وعملوا الصالحات وأقاموا الصلاة وآتوا الزكاة لهم أجرهم عند ربهم ولا خوف عليهم ولا هم يحزنون,False,False
7:59,7:85,0.737,9,لقد أرسلنا نوحا إلى قومه فقال يا قوم اعبدوا الله ما لكم من إله غيره إني أخاف عليكم عذاب يوم عظيم,وإلى مدين أخاهم شعيبا قال يا قوم اعبدوا الله ما لكم من إله غيره قد جاءتكم بينة من ربكم فأوفوا الكيل والميزان ولا تبخسوا الناس أشياءهم ولا تفسدوا في الأرض بعد إصلاحها ذلكم خير لكم إن كنتم مؤمنين,True,False
17:30,17:96,0.736,5,إن ربك يبسط الرزق لمن يشاء ويقدر إنه كان بعباده خبيرا بصيرا,قل كفى بالله شهيدا بيني وبينكم إنه كان بعباده خبيرا بصيرا,False,True
42:44,42:46,0.735,6,ومن يضلل الله فما له من ولي من بعده وترى الظالمين لما رأوا العذاب يقولون هل إلى مرد من سبيل,وما كان لهم من أولياء ينصرونهم من دون الله ومن يضلل الله فما له من سبيل,True,False
4:126,4:132,0.733,7,ولله ما في السماوات وما في الأرض وكان الله بكل شيء محيطا,ولله ما في السماوات وما في الأرض وكفى بالله وكيلا,False,True
3:27,6:95,0.731,3,تولج الليل في النهار وتولج النهار في الليل وتخرج الحي من الميت وتخرج الميت من الحي وترزق من تشاء بغير حساب,إن الله فالق الحب والنوى يخرج الحي من الميت ومخرج الميت من الحي ذلكم الله فأنى تؤفكون,True,True
4:87,6:12,0.731,7,الله لا إله إلا هو ليجمعنكم إلى يوم القيامة لا ريب فيه ومن أصدق من الله حديثا,قل لمن ما في السماوات والأرض قل لله كتب على نفسه الرحمة ليجمعنكم إلى يوم القيامة لا ريب فيه الذين خسروا أنفسهم فهم لا يؤمنون,False,True
22:64,31:26,0.73,3,له ما في السماوات وما في الأرض وإن الله لهو الغني الحميد,لله ما في السماوات والأرض إن الله هو الغني الحميد,False,True
11:61,23:23,0.729,9,وإلى ثمود أخاهم صالحا قال يا قوم اعبدوا الله ما لكم من إله غيره هو أنشأكم من الأرض واستعمركم فيها فاستغفروه ثم توبوا إليه إن ربي قريب مجيب,ولقد أرسلنا نوحا إلى قومه فقال يا قوم اعبدوا الله ما لكم من إله غيره أفلا تتقون,False,True
2:87,2:253,0.727,8,ولقد آتينا موسى الكتاب وقفينا من بعده بالرسل وآتينا عيسى ابن مريم البينات وأيدناه بروح القدس أفكلما جاءكم رسول بما لا تهوى أنفسكم استكبرتم ففريقا كذبتم وفريقا تقتلون,تلك الرسل فضلنا بعضهم على بعض منهم من كلم الله ورفع بعضهم درجات وآتينا عيسى ابن مريم البينات وأيدناه بروح القدس ولو شاء الله ما اقتتل الذين من بعدهم من بعد ما جاءتهم البينات ولكن اختلفوا فمنهم من آمن ومنهم من كفر ولو شاء الله ما اقتتلوا ولكن الله يفعل ما يريد,False,True
29:62,39:52,0.727,5,الله يبسط الرزق لمن يشاء من عباده ويقدر له إن الله بكل شيء عليم,أولم يعلموا أن الله يبسط الرزق لمن يشاء ويقدر إن في ذلك لآيات لقوم يؤمنون,False,True
34:42,52:14,0.727,5,فاليوم لا يملك بعضكم لبعض نفعا ولا ضرا ونقول للذين ظلموا ذوقوا عذاب النار التي كنتم بها تكذبون,هذه النار التي كنتم بها تكذبون,False,False
18:31,22:23,0.727,7,أولئك لهم جنات عدن تجري من تحتهم الأنهار يحلون فيها من أساور من ذهب ويلبسون ثيابا خضرا من سندس وإستبرق متكئين فيها على الأرائك نعم الثواب وحسنت مرتفقا,إن الله يدخل الذين آمنوا وعملوا الصالحات جنات تجري من تحتها الأنهار يحلون فيها من أساور من ذهب ولؤلؤا ولباسهم فيها حرير,False,False
20:76,98:8,0.724,8,جنات عدن تجري من تحتها الأنهار خالدين فيها وذلك جزاء من تزكى,جزاؤهم عند ربهم جنات عدن تجري من تحتها الأنهار خالدين فيها أبدا رضي الله عنهم ورضوا عنه ذلك لمن خشي ربه,False,True
37:159,43:82,0.723,2,سبحان الله عما يصفون,سبحان رب السماوات والأرض رب العرش عما يصفون,False,False
30:37,34:36,0.722,5,أولم يروا أن الله يبسط الرزق لمن يشاء ويقدر إن في ذلك لآيات لقوم يؤمنون,قل إن ربي يبسط الرزق لمن يشاء ويقدر ولكن أكثر الناس لا يعلمون,False,False
19:73,46:7,0.721,8,وإذا تتلى عليهم آياتنا بينات قال الذين كفروا للذين آمنوا أي الفريقين خير مقاما وأحسن نديا,وإذا تتلى عليهم آياتنا بينات قال الذين كفروا للحق لما جاءهم هذا سحر مبين,False,False
17:89,39:27,0.719,7,ولقد صرفنا للناس في هذا القرآن من كل مثل فأبى أكثر الناس إلا كفورا,ولقد ضربنا للناس في هذا القرآن من كل مثل لعلهم يتذكرون,False,False
11:19,14:3,0.718,5,الذين يصدون عن سبيل الله ويبغونها عوجا وهم بالآخرة هم كافرون,الذين يستحبون الحياة الدنيا على الآخرة ويصدون عن سبيل الله ويبغونها عوجا أولئك في ضلال بعيد,False,True
13:26,30:37,0.718,6,الله يبسط الرزق لمن يشاء ويقدر وفرحوا بالحياة الدنيا وما الحياة الدنيا في الآخرة إلا متاع,أولم يروا أن الله يبسط الرزق لمن يشاء ويقدر إن في ذلك لآيات لقوم يؤمنون,False,True
16:65,30:24,0.717,7,والله أنزل من السماء ماء فأحيا به الأرض بعد موتها إن في ذلك لآية لقوم يسمعون,ومن آياته يريكم البرق خوفا وطمعا وينزل من السماء ماء فيحيي به الأرض بعد موتها إن في ذلك لآيات لقوم يعقلون,False,True
9:5,9:11,0.717,6,فإذا انسلخ الأشهر الحرم فاقتلوا المشركين حيث وجدتموهم وخذوهم واحصروهم واقعدوا لهم كل مرصد فإن تابوا وأقاموا الصلاة وآتوا الزكاة فخلوا سبيلهم إن الله غفور رحيم,فإن تابوا وأقاموا الصلاة وآتوا الزكاة فإخوانكم في الدين ونفصل الآيات لقوم يعلمون,False,True
4:13,48:17,0.716,10,تلك حدود الله ومن يطع الله ورسوله يدخله جنات تجري من تحتها الأنهار خالدين فيها وذلك الفوز العظيم,ليس على الأعمى حرج ولا على الأعرج حرج ولا على المريض حرج ومن يطع الله ورسوله يدخله جنات تجري من تحتها الأنهار ومن يتول يعذبه عذابا أليما,False,False
9:105,62:8,0.715,8,وقل اعملوا فسيرى الله عملكم ورسوله والمؤمنون وستردون إلى عالم الغيب والشهادة فينبئكم بما كنتم تعملون,قل إن الموت الذي تفرون منه فإنه ملاقيكم ثم تردون إلى عالم الغيب والشهادة فينبئكم بما كنتم تعملون,False,False
11:84,23:23,0.712,9,وإلى مدين أخاهم شعيبا قال يا قوم اعبدوا الله ما لكم من إله غيره ولا تنقصوا المكيال والميزان إني أراكم بخير وإني أخاف عليكم عذاب يوم محيط,ولقد أرسلنا نوحا إلى قومه فقال يا قوم اعبدوا الله ما لكم من إله غيره أفلا تتقون,False,True
7:45,14:3,0.711,5,الذين يصدون عن سبيل الله ويبغونها عوجا وهم بالآخرة كافرون,الذين يستحبون الحياة الدنيا على الآخرة ويصدون عن سبيل الله ويبغونها عوجا أولئك في ضلال بعيد,True,True
31:26,35:15,0.71,3,لله ما في السماوات والأرض إن الله هو الغني الحميد,يا أيها الناس أنتم الفقراء إلى الله والله هو الغني الحميد,False,False
7:64,10:73,0.71,4,فكذبوه فأنجيناه والذين معه في الفلك وأغرقنا الذين كذبوا بآياتنا إنهم كانوا قوما عمين,فكذبوه فنجيناه ومن معه في الفلك وجعلناهم خلائف وأغرقنا الذين كذبوا بآياتنا فانظر كيف كان عاقبة المنذرين,True,True
2:116,10:68,0.71,4,وقالوا اتخذ الله ولدا سبحانه بل له ما في السماوات والأرض كل له قانتون,قالوا اتخذ الله ولدا سبحانه هو الغني له ما في السماوات وما في الأرض إن عندكم من سلطان بهذا أتقولون على الله ما لا تعلمون,False,False
10:9,31:8,0.709,5,إن الذين آمنوا وعملوا الصالحات يهديهم ربهم بإيمانهم تجري من تحتهم الأنهار في جنات النعيم,إن الذين آمنوا وعملوا الصالحات لهم جنات النعيم,False,False
6:70,10:4,0.708,9,وذر الذين اتخذوا دينهم لعبا ولهوا وغرتهم الحياة الدنيا وذكر به أن تبسل نفس بما كسبت ليس لها من دون الله ولي ولا شفيع وإن تعدل كل عدل لا يؤخذ منها أولئك الذين أبسلوا بما كسبوا لهم شراب من حميم وعذاب أليم بما كانوا يكفرون,إليه مرجعكم جميعا وعد الله حقا إنه يبدأ الخلق ثم يعيده ليجزي الذين آمنوا وعملوا الصالحات بالقسط والذين كفروا لهم شراب من حميم وعذاب أليم بما كانوا يكفرون,True,False
17:15,53:38,0.707,4,من اهتدى فإنما يهتدي لنفسه ومن ضل فإنما يضل عليها ولا تزر وازرة وزر أخرى وما كنا معذبين حتى نبعث رسولا,ألا تزر وازرة وزر أخرى,False,False
13:26,39:52,0.704,6,الله يبسط الرزق لمن يشاء ويقدر وفرحوا بالحياة الدنيا وما الحياة الدنيا في الآخرة إلا متاع,أولم يعلموا أن الله يبسط الرزق لمن يشاء ويقدر إن في ذلك لآيات لقوم يؤمنون,False,True
25:53,35:12,0.703,3,وهو الذي مرج البحرين هذا عذب فرات وهذا ملح أجاج وجعل بينهما برزخا وحجرا محجورا,وما يستوي البحران هذا عذب فرات سائغ شرابه وهذا ملح أجاج ومن كل تأكلون لحما طريا وتستخرجون حلية تلبسونها وترى الفلك فيه مواخر لتبتغوا من فضله ولعلكم تشكرون,False,True
4:131,4:170,0.703,7,ولله ما في السماوات وما في الأرض ولقد وصينا الذين أوتوا الكتاب من قبلكم وإياكم أن اتقوا الله وإن تكفروا فإن لله ما في السماوات وما في الأرض وكان الله غنيا حميدا,يا أيها الناس قد جاءكم الرسول بالحق من ربكم فآمنوا خيرا لكم وإن تكفروا فإن لله ما في السماوات والأرض وكان الله عليما حكيما,False,True
3:132,24:56,0.702,2,وأطيعوا الله والرسول لعلكم ترحمون,وأقيموا الصلاة وآتوا الزكاة وأطيعوا الرسول لعلكم ترحمون,False,False
5:8,59:18,0.701,7,يا أيها الذين آمنوا كونوا قوامين لله شهداء بالقسط ولا يجرمنكم شنآن قوم على ألا تعدلوا اعدلوا هو أقرب للتقوى واتقوا الله إن الله خبير بما تعملون,يا أيها الذين آمنوا اتقوا الله ولتنظر نفس ما قدمت لغد واتقوا الله إن الله خبير بما تعملون,False,False
65:11,85:11,0.701,5,رسولا يتلو عليكم آيات الله مبينات ليخرج الذين آمنوا وعملوا الصالحات من الظلمات إلى النور ومن يؤمن بالله ويعمل صالحا يدخله جنات تجري من تحتها الأنهار خالدين فيها أبدا قد أحسن الله له رزقا,إن الذين آمنوا وعملوا الصالحات لهم جنات تجري من تحتها الأنهار ذلك الفوز الكبير,False,False
2:112,2:274,0.701,6,بلى من أسلم وجهه لله وهو محسن فله أجره عند ربه ولا خوف عليهم ولا هم يحزنون,الذين ينفقون أموالهم بالليل والنهار سرا وعلانية فلهم أجرهم عند ربهم ولا خوف عليهم ولا هم يحزنون,False,False
22:28,22:34,0.698,6,ليشهدوا منافع لهم ويذكروا اسم الله في أيام معلومات على ما رزقهم من بهيمة الأنعام فكلوا منها وأطعموا البائس الفقير,ولكل أمة جعلنا منسكا ليذكروا اسم الله على ما رزقهم من بهيمة الأنعام فإلهكم إله واحد فله أسلموا وبشر المخبتين,False,False
23:87,23:89,0.698,3,سيقولون لله قل أفلا تتقون,سيقولون لله قل فأنى تسحرون,False,False
18:31,35:33,0.695,6,أولئك لهم جنات عدن تجري من تحتهم الأنهار يحلون فيها من أساور من ذهب ويلبسون ثيابا خضرا من سندس وإستبرق متكئين فيها على الأرائك نعم الثواب وحسنت مرتفقا,جنات عدن يدخلونها يحلون فيها من أساور من ذهب ولؤلؤا ولباسهم فيها حرير,False,True
6:158,16:33,0.695,8,هل ينظرون إلا أن تأتيهم الملائكة أو يأتي ربك أو يأتي بعض آيات ربك يوم يأتي بعض آيات ربك لا ينفع نفسا إيمانها لم تكن آمنت من قبل أو كسبت في إيمانها خيرا قل انتظروا إنا منتظرون,هل ينظرون إلا أن تأتيهم الملائكة أو يأتي أمر ربك كذلك فعل الذين من قبلهم وما ظلمهم الله ولكن كانوا أنفسهم يظلمون,False,True
6:144,61:7,0.695,5,ومن الإبل اثنين ومن البقر اثنين قل آلذكرين حرم أم الأنثيين أما اشتملت عليه أرحام الأنثيين أم كنتم شهداء إذ وصاكم الله بهذا فمن أظلم ممن افترى على الله كذبا ليضل الناس بغير علم إن الله لا يهدي القوم الظالمين,ومن أظلم ممن افترى على الله الكذب وهو يدعى إلى الإسلام والله لا يهدي القوم الظالمين,False,False
7:73,23:23,0.695,9,وإلى ثمود أخاهم صالحا قال يا قوم اعبدوا الله ما لكم من إله غيره قد جاءتكم بينة من ربكم هذه ناقة الله لكم آية فذروها تأكل في أرض الله ولا تمسوها بسوء فيأخذكم عذاب أليم,ولقد أرسلنا نوحا إلى قومه فقال يا قوم اعبدوا الله ما لكم من إله غيره أفلا تتقون,False,True
4:122,29:58,0.693,6,والذين آمنوا وعملوا الصالحات سندخلهم جنات تجري من تحتها الأنهار خالدين فيها أبدا وعد الله حقا ومن أصدق من الله قيلا,والذين آمنوا وعملوا الصالحات لنبوئنهم من الجنة غرفا تجري من تحتها الأنهار خالدين فيها نعم أجر العاملين,False,True
2:59,29:34,0.69,6,فبدل الذين ظلموا قولا غير الذي قيل لهم فأنزلنا على الذين ظلموا رجزا من السماء بما كانوا يفسقون,إنا منزلون على أهل هذه القرية رجزا من السماء بما كانوا يفسقون,False,False
7:57,25:48,0.688,5,وهو الذي يرسل الرياح بشرا بين يدي رحمته حتى إذا أقلت سحابا ثقالا سقناه لبلد ميت فأنزلنا به الماء فأخرجنا به من كل الثمرات كذلك نخرج الموتى لعلكم تذكرون,وهو الذي أرسل الرياح بشرا بين يدي رحمته وأنزلنا من السماء ماء طهورا,False,False
