,standardized_coefficient
cand_rank,-0.9857445291161183
lcr_norm,-0.5666336933038888
score: Jaccard word,-0.5552780159887509
score: LSA stem (300d),-0.20334608160395218
score: BM25 stem,-0.06636789428618634
log_verse_distance,-0.053034360892181734
containment,-0.037590102954412515
score: TF-IDF char 2-5gram,-0.03348610794759574
score: TF-IDF word 1-2gram,-0.0032473180024008997
length_ratio,0.017155983462113382
same_surah,0.07836843419985076
idf_aligned_cov,0.22056747695234258
seq_ratio,0.2558573748705001
lcr,0.3131706818607996
score: BM25 word,0.38026780967360235
bigram_containment,0.4166660550040776
score: TF-IDF stem 1-2gram,0.5238239580302054
