card_for,connection_id,change_type,key,surah,words,anchor_idx,divergent_idx
26:106,243,addition & subtraction,26:106,Ash-Shu'ara,إذ قال لهم أخوهم نوح ألا تتقون,0 1 2,3
26:106,243,addition & subtraction,26:124,Ash-Shu'ara,إذ قال لهم أخوهم هود ألا تتقون,0 1 2,3
26:106,243,addition & subtraction,26:142,Ash-Shu'ara,إذ قال لهم أخوهم صالح ألا تتقون,0 1 2,3
26:106,243,addition & subtraction,26:161,Ash-Shu'ara,إذ قال لهم أخوهم لوط ألا تتقون,0 1 2,3
26:106,243,addition & subtraction,26:177,Ash-Shu'ara,إذ قال لهم شعيب ألا تتقون,0 1 2,3
26:8,215,replacement,26:8,Ash-Shu'ara,إن في ذلك لآيةً وما كان أكثرهم مؤمنين,0 1 2 3,4
26:8,215,replacement,26:67,Ash-Shu'ara,إن في ذلك لآيةً وما كان أكثرهم مؤمنين,0 1 2 3,4
26:8,215,replacement,26:103,Ash-Shu'ara,إن في ذلك لآيةً وما كان أكثرهم مؤمنين,0 1 2 3,4
26:8,215,replacement,26:121,Ash-Shu'ara,إن في ذلك لآيةً وما كان أكثرهم مؤمنين,0 1 2 3,4
26:8,215,replacement,26:139,Ash-Shu'ara,فكذبوه فأهلكناهم إن في ذلك لآيةً وما كان أكثرهم مؤمنين,2 3 4 5,1 6
26:8,215,replacement,26:158,Ash-Shu'ara,فأخذهم العذاب إن في ذلك لآيةً وما كان أكثرهم مؤمنين,2 3 4 5,1 6
26:8,215,replacement,26:174,Ash-Shu'ara,إن في ذلك لآيةً وما كان أكثرهم مؤمنين,0 1 2 3,4
26:8,215,replacement,26:190,Ash-Shu'ara,إن في ذلك لآيةً وما كان أكثرهم مؤمنين,0 1 2 3,4
26:8,215,replacement,16:11,An-Nahl,ينبت لكم به الزرع والزيتون والنخيل والأعناب ومن كل الثمرات إن في ذلك لآيةً لقومٍ يتفكرون,10 11 12 13,9 14
26:8,215,replacement,16:13,An-Nahl,وما ذرأ لكم في الأرض مختلفًا ألوانه إن في ذلك لآيةً لقومٍ يذكرون,7 8 9 10,6 11
26:8,215,replacement,16:65,An-Nahl,والله أنزل من السماء ماءً فأحيا به الأرض بعد موتها إن في ذلك لآيةً لقومٍ يسمعون,10 11 12 13,9 14
26:8,215,replacement,16:67,An-Nahl,ومن ثمرات النخيل والأعناب تتخذون منه سكرًا ورزقًا حسنًا إن في ذلك لآيةً لقومٍ يعقلون,9 10 11 12,8 13
26:8,215,replacement,16:69,An-Nahl,ثم كلي من كل الثمرات فاسلكي سبل ربك ذللًا يخرج من بطونها شراب مختلف ألوانه فيه شفاء للناس إن في ذلك لآيةً لقومٍ يتفكرون,18 19 20 21,17 22
26:8,215,replacement,2:248,Al-Baqara,وقال لهم نبيهم إن آية ملكه أن يأتيكم التابوت فيه سكينة من ربكم وبقية مما ترك آل موسى وآل هارون تحمله الملائكة إن في ذلك لآيةً لكم إن كنتم مؤمنين,22 23 24 25,21 26
26:8,215,replacement,3:49,Al Imran,ورسولًا إلى بني إسرائيل أني قد جئتكم بآيةٍ من ربكم أني أخلق لكم من الطين كهيئة الطير فأنفخ فيه فيكون طيرًا بإذن الله وأبرئ الأكمه والأبرص وأحيي الموتى بإذن الله وأنبئكم بما تأكلون وما تدخرون في بيوتكم إن في ذلك لآيةً لكم إن كنتم مؤمنين,37 38 39 40,36 41
26:8,215,replacement,11:103,Hud,إن في ذلك لآيةً لمن خاف عذاب الآخرة ذلك يوم مجموع له الناس وذلك يوم مشهود,0 1 2 3,4
26:8,215,replacement,15:77,Al-Hijr,إن في ذلك لآيةً للمؤمنين,0 1 2 3,4
26:8,215,replacement,27:52,An-Naml,فتلك بيوتهم خاويةً بما ظلموا إن في ذلك لآيةً لقومٍ يعلمون,5 6 7 8,4 9
26:8,215,replacement,29:44,Al-Ankabut,خلق الله السماوات والأرض بالحق إن في ذلك لآيةً للمؤمنين,5 6 7 8,4 9
26:8,215,replacement,34:9,Saba',أفلم يروا إلى ما بين أيديهم وما خلفهم من السماء والأرض إن نشأ نخسف بهم الأرض أو نسقط عليهم كسفًا من السماء إن في ذلك لآيةً لكل عبدٍ منيبٍ,22 23 24 25,21 26
